symbol,name,exchange,yf_ticker,sector,close,sma50,sma200,high_52w,pct_off_high,r1m,r3m,r6m,r12m,turnover_cr,vol_surge,adr_pct,gap_pct,tightness_pct,vol_dryup,contracting,surfing_ma,dist_to_ma_pct,higher_lows,up_down_vol_ratio,under_accumulation,pocket_pivot,power_play,power_play_gain,vcp_contractions,vcp_footprint,range_pos,rolling_over,momentum,trend_template,stage2,vcp_setup,qm_breakout,price_gt_sma10,price_gt_sma20,price_gt_sma50,price_gt_sma150,price_gt_sma200,sma50_gt_sma150,sma150_gt_sma200,sma200_rising,within_25_of_high,above_30_of_low,rs_rating,setup_quality
STLTECH,STLTECH,NSE,STLTECH.NS,Other,613.0,362.17,184.11,679.9,9.84,55.31,221.65,509.28,930.6,170.65,0.6,4.14,-0.39,27.61,True,False,,,1,4.66,True,False,True,184.75,0,,77.61,False,574.89,True,True,False,False,True,True,True,True,True,True,True,True,True,True,100,63
MTARTECH,MTAR TECHNOLOGIES,NSE,MTARTECH.NS,Industrials,7458.0,6019.36,3468.8,8449.5,11.73,14.39,108.6,217.97,423.48,1662.14,1.09,7.34,1.72,17.86,True,True,20,5.14,2,2.23,True,False,True,151.77,0,,43.33,False,257.94,True,True,True,False,False,False,True,True,True,True,True,True,True,True,99,89
VENUSREM,VENUS REMEDIES,NSE,VENUSREM.NS,Other,1610.7,1073.39,757.07,1736.9,7.27,65.53,86.92,95.14,431.41,17.2,5.34,4.04,0.04,32.15,False,False,,,0,2.23,True,False,False,,0,,83.25,False,225.04,True,True,False,False,True,True,True,True,True,True,True,True,True,True,99,60
BLISSGVS,BLISS GVS PHARMA,NSE,BLISSGVS.NS,Other,421.6,299.86,204.79,462.8,8.9,54.91,94.95,192.03,257.5,160.74,0.22,7.04,1.24,20.83,True,False,,,1,4.34,True,False,False,,3,12W 8/5 3T,77.64,False,185.09,True,True,False,False,False,True,True,True,True,True,True,True,True,True,98,66
DEEDEV,DEEDEV,NSE,DEEDEV.NS,Other,688.7,458.65,297.47,704.7,2.27,39.78,121.55,216.63,209.85,19.82,0.28,5.73,-1.6,23.91,True,False,,,3,3.55,True,False,True,115.53,0,,94.18,False,177.22,True,True,False,False,True,True,True,True,True,True,True,True,True,True,98,69
BAJAJCON,BAJAJ CONSUMER CARE,NSE,BAJAJCON.NS,Other,582.2,486.88,341.44,594.8,2.12,7.96,62.88,129.17,248.81,45.05,0.42,5.0,1.43,8.51,True,True,10,1.69,4,3.13,True,False,False,,4,12W 11/6 4T,83.38,False,151.65,True,True,True,True,True,True,True,True,True,True,True,True,True,True,97,88
MODISONLTD,MODISONLTD,NSE,MODISONLTD.NS,Other,327.4,187.86,157.61,362.7,9.73,94.53,154.29,132.78,165.34,15.65,0.04,5.35,-4.99,32.28,True,False,,,0,10.6,True,False,False,,0,,81.76,False,146.28,False,True,False,False,True,True,True,True,True,True,False,True,True,True,96,48
APOLLO,APOLLO MICRO SYSTEMS,NSE,APOLLO.NS,Other,413.05,309.42,274.79,446.9,7.57,30.01,94.23,75.02,254.88,1533.07,1.07,7.39,1.24,11.67,False,True,,,1,4.25,True,False,True,138.83,3,12W 13/8 3T,68.11,False,146.31,False,True,False,False,False,True,True,True,True,True,False,True,True,True,96,61
IDEAFORGE,IDEAFORGE,NSE,IDEAFORGE.NS,Other,964.9,656.39,508.43,992.25,2.76,21.34,122.79,126.82,153.62,72.59,0.3,6.41,-2.0,22.33,True,False,,,4,4.08,True,False,True,142.62,3,12W 18/12 3T,89.69,False,126.19,True,True,False,False,True,True,True,True,True,True,True,True,True,True,95,69
HFCL,HFCL,NSE,HFCL.NS,Other,178.01,126.67,84.68,208.98,14.82,19.9,147.03,167.44,127.78,1048.16,1.0,6.51,-2.74,26.85,True,False,,,0,3.11,True,False,True,150.54,0,,57.79,False,132.74,True,True,False,False,False,True,True,True,True,True,True,True,True,True,95,61
ROSSTECH,ROSSELL TECHSYS,NSE,ROSSTECH.NS,Other,1050.3,932.26,747.42,1122.0,6.39,19.73,47.92,55.9,236.47,19.79,0.49,7.21,0.8,12.97,True,True,,,2,1.97,True,False,False,,2,12W 24/13 2T,70.37,False,122.92,True,True,True,True,True,True,True,True,True,True,True,True,True,True,94,75
SAKAR,SAKAR HEALTHCARE,NSE,SAKAR.NS,Other,813.6,658.73,473.42,871.3,6.62,53.63,46.46,92.64,195.05,22.54,0.58,7.65,2.13,14.29,True,True,10,2.93,2,2.87,True,False,False,,2,12W 21/7 2T,56.05,False,120.47,True,True,True,True,True,True,True,True,True,True,True,True,True,True,93,87
AEROFLEX,AEROFLEX INDUSTRIES,NSE,AEROFLEX.NS,Other,425.7,340.32,228.66,458.7,7.19,6.8,81.79,141.7,157.83,96.01,0.63,6.8,1.49,16.33,True,False,10,3.81,3,2.63,True,False,True,100.02,2,12W 25/11 2T,72.05,False,122.68,True,True,False,False,True,True,True,True,True,True,True,True,True,True,93,81
TDPOWERSYS,TD POWER SYSTEMS,NSE,TDPOWERSYS.NS,Other,1231.0,1126.59,821.16,1379.6,10.77,4.44,53.37,79.16,195.42,238.67,0.61,6.13,0.74,15.16,True,True,,,1,2.66,True,False,False,,2,12W 14/14 2T,20.36,True,113.03,True,True,False,False,False,False,True,True,True,True,True,True,True,True,92,64
BBOX,BLACK BOX,NSE,BBOX.NS,Other,970.1,735.86,574.87,1103.0,12.05,23.09,88.7,87.8,160.6,122.78,0.64,5.75,0.21,16.09,True,True,,,3,6.66,True,False,True,133.48,0,,32.52,True,110.63,True,True,False,False,False,False,True,True,True,True,True,True,True,True,91,68
GVT&D,GE VERNOVA T&D INDIA,NSE,GVT&D.NS,Other,4931.0,4432.95,3470.16,5222.1,5.57,11.24,30.31,61.62,214.76,501.87,0.85,5.09,1.18,13.0,False,False,10,3.95,1,2.65,True,False,False,,0,,63.96,False,111.58,True,True,False,False,False,True,True,True,True,True,True,True,True,True,91,73
KERNEX,KERNEX MICROSYS(I),NSE,KERNEX.NS,Other,1889.9,1363.63,1205.32,1944.0,2.78,25.52,89.62,84.13,153.35,82.82,0.51,6.39,0.69,25.47,True,False,,,0,2.59,True,False,False,,0,,91.21,False,107.06,True,True,False,False,True,True,True,True,True,True,True,True,True,True,90,60
PRECWIRE,PRECISION WIRES INDIA,NSE,PRECWIRE.NS,Other,410.85,385.46,277.72,467.5,12.12,0.09,19.8,74.16,202.18,33.37,0.31,5.84,0.06,18.01,True,True,20,4.68,2,2.22,True,False,False,,3,12W 18/10 3T,42.49,False,107.09,True,True,True,False,False,False,True,True,True,True,True,True,True,True,90,84
THANGAMAYL,THANGAMAYIL JEWELLERY,NSE,THANGAMAYL.NS,Other,5469.5,4070.77,3294.69,5764.2,5.11,36.5,54.49,71.1,173.15,138.19,1.38,6.81,0.15,36.2,False,False,,,1,1.7,True,False,False,,0,,86.63,False,105.14,True,True,False,False,True,True,True,True,True,True,True,True,True,True,89,63
UNIVCABLES,UNIVERSAL CABLES,NSE,UNIVCABLES.NS,Other,1223.4,945.74,806.81,1302.5,6.07,10.54,96.28,36.65,184.25,49.33,1.38,7.52,1.31,17.84,False,True,,,1,2.66,True,False,False,,2,12W 20/12 2T,76.63,False,105.0,True,True,False,True,True,True,True,True,True,True,True,True,True,True,88,71
NETWEB,NETWEB TECH INDIA,NSE,NETWEB.NS,Other,4428.2,3904.27,3502.34,4965.0,10.81,3.1,35.06,38.35,211.47,1002.01,1.58,5.89,1.77,25.09,False,False,,,0,1.84,True,False,False,,0,,58.51,False,103.42,False,True,False,False,False,True,True,True,True,True,False,True,True,True,88,46
SYRMA,SYRMA SGS TECHNOLOGY,NSE,SYRMA.NS,Other,1256.8,997.91,840.78,1260.4,0.29,12.96,65.91,70.11,169.38,144.62,0.81,4.19,-0.09,16.9,True,False,,,1,1.75,True,True,False,,0,,98.8,False,103.27,True,True,False,False,True,True,True,True,True,True,True,True,True,True,87,64
SANSERA,SANSERA ENGINEERING,NSE,SANSERA.NS,Other,2961.4,2529.48,1935.93,2995.0,1.12,19.64,35.99,74.28,171.86,115.38,0.84,3.96,0.5,6.73,True,True,10,3.27,1,1.88,True,False,False,,2,12W 12/7 2T,94.82,False,100.19,True,True,True,False,True,True,True,True,True,True,True,True,True,True,87,79
SILVERETF,SILVERETF,NSE,SILVERETF.NS,Other,203.98,160.3,120.9,205.43,0.71,36.98,51.94,98.06,134.27,41.59,1.14,2.38,0.52,14.18,False,False,,,0,1.28,True,True,False,,0,,96.26,False,97.21,True,True,False,False,True,True,True,True,True,True,True,True,True,True,86,59
BALAMINES,BALAJI AMINES,NSE,BALAMINES.NS,Other,2242.1,1472.07,1286.67,2262.5,0.9,58.52,113.96,100.08,77.73,166.95,2.04,7.55,0.91,25.06,False,False,,,2,5.03,True,True,True,102.05,2,12W 14/13 2T,96.58,False,89.76,False,True,False,False,True,True,True,True,True,True,False,True,True,True,85,58
CONFIPET,CONFIDENCE PETRO IND,NSE,CONFIPET.NS,Other,75.5,59.14,43.26,80.57,6.29,32.62,155.24,121.8,46.26,29.64,0.25,8.19,-0.52,27.31,True,False,,,4,2.72,True,False,False,,0,,78.71,False,89.35,False,True,False,False,True,True,True,True,True,True,False,True,True,True,85,56
POWERINDIA,HITACHI ENERGY INDIA,NSE,POWERINDIA.NS,Other,34610.0,31979.2,23207.76,38785.0,10.76,4.82,38.69,77.17,135.41,754.15,1.17,4.4,0.54,13.68,False,False,20,5.05,2,2.32,True,False,False,,0,,31.28,True,85.53,True,True,False,False,False,False,True,True,True,True,True,True,True,True,84,66
WHEELS,WHEELS INDIA,NSE,WHEELS.NS,Auto,1507.6,1275.94,970.8,1744.0,13.56,13.63,64.16,79.03,125.44,49.03,0.33,6.67,1.26,17.08,True,True,20,5.39,2,4.18,True,False,False,,0,,21.59,True,88.08,True,True,False,False,False,False,True,True,True,True,True,True,True,True,84,77
KIRLOSENG,KIRLOSKAR OIL ENG,NSE,KIRLOSENG.NS,Industrials,1851.3,1656.28,1269.12,1990.8,7.01,11.52,27.64,61.74,150.23,90.77,0.24,5.05,0.32,13.27,True,False,,,1,2.15,True,False,False,,2,12W 13/8 2T,61.34,False,85.29,True,True,False,False,False,True,True,True,True,True,True,True,True,True,83,59
SUNDARMHLD,SUNDARMHLD,NSE,SUNDARMHLD.NS,Other,684.25,555.58,395.39,701.5,2.46,9.21,33.08,163.47,69.08,31.38,0.4,4.77,0.52,13.76,True,False,,,2,2.53,True,False,False,,0,,87.81,False,84.21,True,True,False,False,True,True,True,True,True,True,True,True,True,True,82,61
YASHHV,YASH HIGHVOLTAGE,BSE,544310.BO,Other,730.4,643.79,509.63,796.25,8.27,4.7,61.11,49.6,143.95,13.26,0.43,3.59,-2.41,7.68,True,True,20,2.18,0,1.41,True,False,False,,0,,36.62,False,85.15,True,True,True,False,True,True,True,True,True,True,True,True,True,True,82,74
SBC,SBC EXPORTS,NSE,SBC.NS,Other,37.04,34.45,28.8,40.45,8.43,6.74,15.14,32.47,175.6,57.1,1.17,3.83,0.05,12.55,True,True,20,4.66,1,1.57,True,False,False,,0,,44.82,False,83.68,True,True,True,False,False,True,True,True,True,True,True,True,True,True,81,77
APARINDS,APAR INDUSTRIES,NSE,APARINDS.NS,Other,13609.0,12069.91,9658.46,14174.0,3.99,5.96,46.97,50.82,146.07,165.53,0.62,4.73,0.93,12.22,False,False,10,3.23,2,1.84,True,False,False,,2,12W 14/8 2T,72.21,False,83.66,True,True,False,False,True,True,True,True,True,True,True,True,True,True,80,72
JAYBARMARU,JAY BHARAT MARUTI,NSE,JAYBARMARU.NS,Other,138.82,99.42,94.99,144.5,3.93,50.86,52.65,56.84,125.54,34.23,1.76,6.39,1.59,25.43,False,False,,,0,6.42,True,False,False,,2,12W 13/12 2T,88.04,False,82.88,False,True,False,False,True,True,True,True,True,True,False,True,True,True,80,45
SUVEN,SUVEN LIFE SCIENCES,NSE,SUVEN.NS,Pharma,264.45,219.88,184.88,299.99,11.85,21.4,87.12,54.84,115.54,84.4,2.52,7.86,1.39,25.47,False,True,,,0,3.58,True,True,True,126.83,0,,50.26,False,82.23,False,True,False,True,True,True,True,True,True,True,False,True,True,True,79,59
GVPIL,GE POWER INDIA,NSE,GVPIL.NS,Other,905.5,626.96,422.09,926.3,2.25,41.63,95.66,189.71,,42.24,1.9,5.59,1.34,16.06,False,False,,,2,3.25,True,True,False,,2,12W 16/13 2T,92.98,False,80.21,False,False,False,False,True,True,True,True,True,True,True,False,True,True,79,54
IOLCP,IOL CHEM AND PHARMA,NSE,IOLCP.NS,Other,132.84,102.48,90.77,139.99,5.11,22.13,85.48,59.89,106.69,71.55,0.34,6.71,0.93,13.88,True,True,,,2,2.86,True,False,False,,0,,78.32,False,79.95,False,True,True,True,True,True,True,True,True,True,False,True,True,True,78,58
AXISCADES,AXISCADES TECH,NSE,AXISCADES.NS,Other,1935.5,1881.83,1541.97,2211.0,12.46,-6.6,32.78,49.13,144.04,36.99,1.13,4.43,0.85,18.28,False,False,50,5.01,0,3.06,True,True,False,,0,,60.41,False,78.25,False,True,False,False,True,True,True,True,True,True,False,True,True,True,77,58
AVALON,AVALON TECHNOLOGIES,NSE,AVALON.NS,Other,1639.5,1235.82,1044.63,1688.5,2.9,22.35,73.88,88.29,86.68,97.97,0.66,6.98,0.62,15.39,True,False,,,3,3.78,True,False,False,,0,,87.22,False,78.17,False,True,False,False,True,True,True,True,True,True,False,True,True,True,77,52
NRBBEARING,NRB BEARING,NSE,NRBBEARING.NS,Other,438.95,313.84,282.46,451.0,2.67,34.4,64.96,54.21,103.0,74.9,3.34,5.26,1.54,23.13,False,False,,,1,11.52,True,True,False,,3,12W 13/10 3T,88.13,False,73.89,True,True,False,False,True,True,True,True,True,True,True,True,True,True,76,62
SASKEN,SASKEN TECHNOLOGIES,NSE,SASKEN.NS,Other,2314.4,1583.95,1389.26,2358.7,1.88,41.59,113.94,88.36,54.19,50.56,0.35,7.67,1.34,15.17,True,False,,,1,5.2,True,False,False,,0,,93.36,False,75.13,False,True,False,False,True,True,True,True,True,True,False,True,True,True,76,48
INDSWFTLAB,IND SWIFT LABORATORIES LT,NSE,INDSWFTLAB.NS,Other,161.87,141.26,118.01,173.25,6.57,16.84,13.34,65.33,124.48,20.38,1.23,5.35,0.19,24.68,True,False,,,2,1.07,True,True,False,,0,,73.99,False,73.74,True,True,False,False,True,True,True,True,True,True,True,True,True,True,75,64
RRKABEL,R R KABEL,NSE,RRKABEL.NS,Other,2177.0,1724.53,1465.32,2239.8,2.8,13.27,52.81,52.88,112.64,147.8,0.54,4.58,-0.22,14.24,False,False,,,0,2.69,True,False,False,,3,12W 8/4 3T,81.52,False,72.81,True,True,False,False,True,True,True,True,True,True,True,True,True,True,74,53
GRWRHITECH,GARWARE HI-TECH FILMS,NSE,GRWRHITECH.NS,Other,6225.0,4726.79,3795.52,6280.0,0.88,20.0,56.14,68.72,97.11,58.29,1.11,5.57,0.91,12.85,True,False,10,2.96,4,2.62,True,True,False,,0,,94.6,False,72.69,True,True,False,False,True,True,True,True,True,True,True,True,True,True,74,79
WELCORP,WELSPUN CORP,NSE,WELCORP.NS,Metals,1411.6,1197.45,922.39,1427.0,1.08,6.19,69.56,77.94,84.72,129.43,0.64,3.61,0.1,7.65,True,False,10,3.21,0,3.67,True,True,False,,2,12W 8/8 2T,91.19,False,71.8,True,True,False,False,True,True,True,True,True,True,True,True,True,True,73,68
LAURUSLABS,LAURUS LABS,NSE,LAURUSLABS.NS,Pharma,1424.4,1216.88,1043.07,1457.0,2.24,12.44,36.83,40.71,129.54,267.88,0.86,2.38,0.73,7.06,True,False,10,1.94,2,2.86,True,False,False,,2,12W 5/3 2T,73.9,False,72.64,True,True,False,False,True,True,True,True,True,True,True,True,True,True,73,67
PAISALO,PAISALO DIGITAL,NSE,PAISALO.NS,Other,60.18,46.42,38.55,61.0,1.34,23.67,83.87,59.16,85.0,76.43,1.23,4.95,1.26,20.59,False,False,,,1,3.45,True,True,False,,0,,94.25,False,70.89,True,True,False,False,True,True,True,True,True,True,True,True,True,True,72,60
JNKINDIA,JNK INDIA,NSE,JNKINDIA.NS,Other,484.05,342.84,277.46,502.0,3.58,30.72,100.58,106.29,39.36,75.42,21.31,7.53,7.6,31.38,False,False,,,0,5.03,True,True,False,,0,,88.85,False,70.81,False,True,False,False,True,True,True,True,True,True,False,True,True,True,71,48
RPTECH,RASHI PERIPHERALS,NSE,RPTECH.NS,Other,552.65,481.13,376.41,575.0,3.89,1.54,58.15,60.3,102.29,12.75,0.54,4.7,1.2,10.44,True,False,10,1.24,3,2.53,True,False,False,,3,12W 12/7 3T,61.27,False,70.79,True,True,False,False,True,True,True,True,True,True,True,True,True,True,71,72
DATAPATTNS,DATA PATTERNS INDIA,NSE,DATAPATTNS.NS,IT,4558.5,3809.76,3049.83,4620.0,1.33,10.06,34.74,75.72,97.31,493.92,3.27,5.63,0.58,17.97,False,False,10,3.52,2,1.96,True,True,False,,3,12W 17/11 3T,93.97,False,69.59,True,True,False,False,True,True,True,True,True,True,True,True,True,True,70,75
DIACABS,DIAMOND POWER INFRA,NSE,DIACABS.NS,Other,202.47,167.9,147.22,212.4,4.68,15.86,47.45,43.92,115.05,168.1,0.49,6.25,1.85,15.63,True,False,20,4.22,0,1.91,True,False,False,,2,12W 14/14 2T,68.62,False,70.27,False,True,False,False,True,True,True,True,True,True,False,True,True,True,70,54
KRISHANA,KRISHANA PHOSCHEM,NSE,KRISHANA.NS,Other,677.65,637.35,543.76,718.5,5.69,-0.43,36.66,28.73,133.15,19.03,0.31,3.98,1.37,7.42,True,True,20,1.2,3,1.76,True,False,False,,3,12W 17/5 3T,40.62,False,69.17,True,True,True,False,True,True,True,True,True,True,True,True,True,True,69,78
SENORES,SENORES PHARMACEUTICALS L,NSE,SENORES.NS,Other,1094.5,949.3,815.87,1194.4,8.36,14.27,47.52,39.23,116.11,75.28,1.53,6.21,1.34,14.71,True,True,20,4.42,0,2.02,True,False,False,,0,,54.11,False,69.14,True,True,True,True,True,True,True,True,True,True,True,True,True,True,68,73
SPORTKING,SPORTKING INDIA,NSE,SPORTKING.NS,Other,177.84,151.02,112.9,198.5,10.41,18.67,55.16,98.15,60.78,13.42,0.22,6.38,1.3,17.15,True,True,,,1,3.03,True,False,False,,0,,66.68,False,66.66,True,True,True,False,False,True,True,True,True,True,True,True,True,True,68,64
CPPLUS,ADITYA INFOTECH,NSE,CPPLUS.NS,Other,3482.2,2424.1,1727.03,3714.4,6.25,38.31,119.99,123.95,,141.84,0.61,5.19,0.16,31.24,False,False,,,1,2.8,True,False,False,,0,,83.49,False,65.01,False,False,False,False,True,True,True,True,True,True,True,False,True,True,67,42
SHAILY,SHAILY ENG PLASTICS,NSE,SHAILY.NS,Other,3132.6,2479.84,2313.86,3198.0,2.05,16.02,64.14,28.01,102.05,90.39,0.33,5.92,0.68,17.48,True,False,,,0,1.65,True,False,False,,2,12W 20/6 2T,92.04,False,63.65,False,True,False,False,True,True,True,True,True,True,False,True,True,True,66,40
MAYURUNIQ,MAYUR UNIQUOTERS,NSE,MAYURUNIQ.NS,Other,798.85,621.48,542.1,813.4,1.79,30.42,56.38,63.95,77.34,44.14,3.73,6.26,0.06,12.07,False,True,,,2,2.95,True,True,False,,2,12W 10/10 2T,92.25,False,64.44,True,True,False,True,True,True,True,True,True,True,True,True,True,True,66,71
SBCL,SHIVALIK BIMETAL CON.,NSE,SBCL.NS,Other,731.3,593.39,496.08,789.0,7.31,21.94,68.77,61.94,69.48,39.84,0.83,5.46,0.5,11.76,True,True,,,0,4.16,True,False,True,114.05,0,,62.53,False,62.32,False,True,True,False,False,True,True,True,True,True,False,True,True,True,65,47
SJS,SJS ENTERPRISES,NSE,SJS.NS,Other,2078.2,1843.38,1691.73,2137.8,2.79,3.31,28.16,24.64,121.66,19.82,0.72,3.85,1.11,9.06,True,False,10,2.08,2,2.72,True,False,False,,0,,72.36,False,62.02,True,True,False,False,True,True,True,True,True,True,True,True,True,True,65,66
IFCI,IFCI,NSE,IFCI.NS,Other,77.07,62.18,56.77,83.44,7.63,22.29,43.76,58.25,83.15,479.06,1.24,5.44,0.31,24.96,False,False,,,1,3.06,True,False,False,,0,,72.11,False,61.72,True,True,False,False,True,True,True,True,True,True,True,True,True,True,64,53
PARACABLES,PARAMOUNT COMM,NSE,PARACABLES.NS,Other,66.75,48.54,41.41,72.45,7.87,11.12,104.57,80.65,37.12,35.1,0.88,8.56,1.04,21.92,False,False,,,2,2.64,True,False,True,146.57,0,,70.22,False,61.07,False,True,False,False,True,True,True,True,True,True,False,True,True,True,63,48
RAIN,RAIN INDUSTRIES,NSE,RAIN.NS,Other,203.97,146.96,135.37,207.3,1.61,24.52,71.61,90.88,43.68,140.54,1.03,5.75,0.77,17.36,True,False,,,1,3.95,True,False,False,,2,12W 12/10 2T,94.39,False,61.51,True,True,False,False,True,True,True,True,True,True,True,True,True,True,63,53
ADANIENSOL,ADANI ENERGY SOLUTION,NSE,ADANIENSOL.NS,Other,1579.2,1315.24,1044.66,1614.8,2.2,17.82,59.19,56.16,74.08,620.29,0.77,4.73,1.72,10.75,False,True,,,2,1.76,True,False,False,,3,12W 13/8 3T,88.42,False,60.1,True,True,False,True,True,True,True,True,True,True,True,True,True,True,62,63
RPEL,RAGHAV PRODUCTIVITY ENH L,NSE,RPEL.NS,Other,1170.5,798.58,792.8,1174.9,0.37,49.79,71.7,17.73,88.97,24.18,1.85,6.32,0.0,23.49,False,False,,,0,3.59,True,True,False,,0,,98.42,False,60.23,False,False,False,False,True,True,True,True,True,False,True,True,True,True,62,44
YASHO,YASHO INDUSTRIES,NSE,YASHO.NS,Other,2543.6,1729.92,1573.96,2594.5,1.96,48.42,80.85,61.56,50.81,11.39,0.71,7.49,0.03,21.41,False,False,,,3,3.34,True,False,False,,0,,93.84,False,59.8,False,True,False,False,True,True,True,True,True,True,False,True,True,True,61,48
ADANIGREEN,ADANI GREEN ENERGY,NSE,ADANIGREEN.NS,Power,1534.5,1253.86,1051.18,1544.8,0.67,10.58,80.6,47.52,69.51,703.24,0.83,4.12,1.9,9.7,True,False,10,3.19,3,3.22,True,True,False,,2,12W 11/9 2T,94.76,False,59.24,True,True,False,False,True,True,True,True,True,True,True,True,True,True,60,73
ASTRAMICRO,ASTRA MICROWAVE,NSE,ASTRAMICRO.NS,Other,1457.7,1144.53,1026.68,1478.8,1.43,28.41,41.63,60.71,75.61,245.41,1.06,5.26,0.84,12.52,False,True,,,1,4.5,True,False,False,,0,,94.84,False,59.62,False,True,False,True,True,True,True,True,True,True,False,True,True,True,60,48
SOUTHWEST,SOUTH WEST PINNACLE,NSE,SOUTHWEST.NS,Other,260.15,240.64,192.3,275.0,5.4,17.27,24.16,33.05,106.83,12.6,1.99,7.1,1.34,11.9,True,True,10,2.87,2,1.83,True,False,False,,0,,57.45,False,59.21,True,True,True,False,False,True,True,True,True,True,True,True,True,True,59,77
STYLAMIND,STYLAM INDUSTRIES,NSE,STYLAMIND.NS,Other,3103.5,2501.17,2175.16,3279.0,5.35,21.6,40.28,39.32,92.76,14.74,0.58,4.38,-0.77,16.33,True,False,10,3.9,0,3.08,True,True,False,,0,,69.61,False,59.12,True,True,False,False,True,True,True,True,True,True,True,True,True,True,59,65
VINDHYATEL,VINDHYA TELELINKS,NSE,VINDHYATEL.NS,Other,2134.7,1549.82,1382.29,2345.0,8.97,17.64,81.28,50.64,64.08,36.81,1.5,8.35,1.39,21.31,False,False,,,2,3.48,True,False,True,116.83,0,,72.76,False,58.84,False,True,False,False,True,True,True,True,True,True,False,True,True,True,58,46
CHENNPETRO,CHENNAI PETROLEUM CORP LT,NSE,CHENNPETRO.NS,Other,1226.4,1048.16,918.41,1238.0,0.94,16.64,35.26,32.24,98.54,120.28,0.5,3.93,-0.03,18.26,True,False,,,1,1.36,True,False,False,,2,12W 14/8 2T,95.57,False,57.81,True,True,False,False,True,True,True,True,True,True,True,True,True,True,57,49
UNIPARTS,UNIPARTS INDIA,NSE,UNIPARTS.NS,Other,640.3,540.2,483.76,654.0,2.09,12.79,39.51,30.83,99.13,21.45,0.68,4.11,0.47,9.84,False,True,,,1,4.55,True,False,False,,0,,88.68,False,58.08,True,True,False,True,True,True,True,True,True,True,True,True,True,True,57,58
RISHABH,RISHABH INSTRUMENTS,NSE,RISHABH.NS,Other,525.2,482.14,421.21,566.0,7.21,4.73,33.38,31.09,102.9,18.78,0.37,6.57,0.4,14.01,True,True,20,3.19,1,1.97,True,False,False,,0,,48.74,False,57.63,True,True,True,True,True,True,True,True,True,True,True,True,True,True,56,72
IDEA,VODAFONE IDEA,NSE,IDEA.NS,Telecom,14.14,11.41,10.3,15.25,7.28,16.09,45.62,21.48,100.57,1225.32,1.35,3.83,2.78,10.18,False,True,10,2.81,3,2.21,True,False,False,,2,12W 9/4 2T,42.49,False,57.4,True,True,False,False,False,True,True,True,True,True,True,True,True,True,55,74
CENTUM,CENTUM ELECTRONICS,NSE,CENTUM.NS,Other,3355.2,3015.28,2631.77,3714.0,9.66,9.79,17.44,45.7,98.36,31.49,0.79,6.4,0.97,16.65,True,False,,,1,1.63,True,False,False,,4,12W 16/6 4T,57.37,False,57.52,True,True,False,False,False,True,True,True,True,True,True,True,True,True,55,52
PREMEXPLN,PREMIER EXPLOSIVES,NSE,PREMEXPLN.NS,Other,721.95,551.03,538.41,779.5,7.38,37.33,50.7,43.73,75.76,123.0,1.66,7.73,0.28,15.79,False,True,,,2,5.61,True,True,True,106.0,0,,78.47,False,57.3,False,True,False,True,True,True,True,True,True,True,False,True,True,True,54,57
ITDCEM,ITDCEM,NSE,ITDCEM.NS,Construction,826.2,778.48,613.37,944.0,12.48,5.54,71.71,56.45,61.65,37.27,2.32,3.84,0.45,16.09,False,False,20,5.05,2,1.28,True,True,False,,4,12W 15/4 4T,95.46,False,56.49,True,True,False,False,True,True,True,True,True,True,True,True,True,True,54,68
MON100,MOTILAL OSWAL NASDAQ 100 ETF,NSE,MON100.NS,Other,321.98,299.97,247.34,342.55,6.0,2.16,44.86,37.93,89.51,26.08,0.48,0.89,-2.69,8.39,False,False,20,3.01,0,2.13,True,False,False,,2,12W 5/1 2T,23.81,True,56.37,True,True,False,False,False,False,True,True,True,True,True,True,True,True,53,47
SKYGOLD,SKY GOLD AND DIAMONDS,NSE,SKYGOLD.NS,Other,513.05,447.15,358.39,590.0,13.04,1.55,50.28,58.81,69.38,96.96,0.63,6.26,1.56,25.86,False,False,,,0,1.81,True,False,False,,2,12W 23/8 2T,44.88,False,55.61,True,True,False,False,False,True,True,True,True,True,True,True,True,True,52,48
SANDHAR,SANDHAR TECHNOLOGIES,NSE,SANDHAR.NS,Other,708.9,548.73,522.97,745.05,4.85,31.95,40.15,26.34,90.85,89.28,0.65,6.82,0.09,12.98,False,True,,,2,5.82,True,False,False,,0,,85.24,False,55.47,True,True,False,True,True,True,True,True,True,True,True,True,True,True,52,62
KRN,KRN,NSE,KRN.NS,Other,1232.0,1135.2,886.11,1405.0,12.31,-4.19,32.92,58.92,75.26,35.79,0.14,6.5,0.56,22.19,True,False,50,4.62,0,1.8,True,False,False,,0,,84.0,False,53.94,True,True,False,False,True,True,True,True,True,True,True,True,True,True,51,60
HARDWYN,HARDWYN INDIA,NSE,HARDWYN.NS,Other,24.73,23.94,18.01,28.28,12.55,3.0,41.72,38.16,87.63,10.2,0.76,5.38,0.57,18.84,True,False,10,1.53,0,1.61,True,False,False,,0,,23.82,True,55.14,True,True,False,False,False,False,True,True,True,True,True,True,True,True,51,52
BHEL,BHEL,NSE,BHEL.NS,Industrials,396.55,354.35,283.15,424.9,6.67,-1.2,55.05,39.07,76.61,519.98,0.49,3.27,0.5,11.83,True,False,20,3.36,0,2.67,True,False,False,,0,,39.55,False,53.25,True,True,False,False,False,False,True,True,True,True,True,True,True,True,50,56
SATIN,SATIN CREDIT NET,NSE,SATIN.NS,Other,242.1,192.85,159.85,247.0,1.98,12.77,61.72,68.72,46.75,18.78,0.49,4.9,1.1,13.98,True,False,10,3.68,1,6.9,True,False,False,,2,12W 13/9 2T,88.25,False,52.94,True,True,False,False,True,True,True,True,True,True,True,True,True,True,49,60
ACMESOLAR,ACME SOLAR HOLDINGS,NSE,ACMESOLAR.NS,Other,348.7,296.73,261.74,364.8,4.41,20.14,51.45,52.72,62.25,96.47,0.6,4.59,0.0,19.76,False,False,,,1,1.93,True,False,False,,2,12W 14/10 2T,81.3,False,53.02,False,True,False,False,True,True,True,True,True,True,False,True,True,True,49,36
CRAFTSMAN,CRAFTSMAN AUTOMATION,NSE,CRAFTSMAN.NS,Other,9126.5,8060.4,7362.24,9738.0,6.28,3.64,24.59,30.08,96.07,53.87,0.49,3.67,0.0,7.99,True,False,10,2.11,0,2.67,True,False,False,,2,12W 15/4 2T,80.7,False,52.74,True,True,False,False,True,True,True,True,True,True,True,True,True,True,48,56
SOTL,SAVITA OIL TECHNOLO.,NSE,SOTL.NS,Other,568.05,398.25,380.81,599.0,5.17,29.4,62.81,52.39,53.69,53.35,1.43,6.1,-0.08,32.98,False,False,,,0,6.66,True,False,False,,0,,83.53,False,52.7,False,True,False,False,True,True,True,True,True,True,False,True,True,True,48,35
INOXINDIA,INOX INDIA,NSE,INOXINDIA.NS,Industrials,1686.7,1442.44,1233.16,1753.0,3.78,15.66,41.34,47.83,69.02,45.22,1.79,4.92,0.6,19.43,False,False,20,5.05,2,2.75,True,True,False,,0,,81.11,False,51.79,True,True,False,False,True,True,True,True,True,True,True,True,True,True,47,67
NITINSPIN,NITIN SPINNERS,NSE,NITINSPIN.NS,Other,539.0,458.37,365.94,564.7,4.55,10.73,49.62,69.68,48.28,12.33,0.49,4.51,0.31,15.59,False,False,10,2.85,5,2.64,True,False,False,,2,12W 12/9 2T,69.42,False,51.21,True,True,False,False,True,True,True,True,True,True,True,True,True,True,46,64
TMB,TAMILNAD MERCA BANK,NSE,TMB.NS,Banks,780.55,686.29,570.01,784.9,0.55,14.54,25.95,53.92,71.14,25.96,0.81,4.03,1.5,13.94,True,False,,,0,3.72,True,False,False,,3,12W 15/4 3T,96.36,False,51.28,True,True,False,False,True,True,True,True,True,True,True,True,True,True,46,44
HONASA,HONASA CONSUMER - MAMAEARTH,NSE,HONASA.NS,Other,407.95,357.02,303.55,424.9,3.99,15.58,40.99,56.03,61.55,204.85,0.76,4.03,0.07,7.77,True,True,,,2,6.57,True,False,False,,0,,77.49,False,51.18,True,True,True,False,False,True,True,True,True,True,True,True,True,True,45,57
CARYSIL,CARYSIL,NSE,CARYSIL.NS,Other,1123.6,941.75,908.1,1171.6,4.1,22.06,32.71,21.12,87.55,23.89,1.03,5.57,0.35,11.78,False,True,10,3.13,2,2.83,True,False,False,,0,,81.72,False,50.1,False,True,False,True,True,True,True,True,True,True,False,True,True,True,45,59
CUMMINSIND,CUMMINS INDIA,NSE,CUMMINSIND.NS,Industrials,5625.5,5262.07,4545.32,6100.0,7.78,7.39,21.48,22.29,94.74,358.85,0.76,3.72,0.44,12.4,True,False,10,3.84,2,1.82,True,False,False,,0,,48.26,False,49.62,True,True,False,False,False,True,True,True,True,True,True,True,True,True,44,60
SPARC,SUN PHARMA ADV.RES.CO.LTD,NSE,SPARC.NS,Other,209.19,166.05,141.43,248.75,15.9,24.19,66.62,52.87,44.02,266.21,0.47,7.83,0.59,18.83,True,True,,,1,4.74,True,False,True,118.37,0,,44.08,False,49.21,True,True,False,False,False,True,True,True,True,True,True,True,True,True,43,58
SEAMECLTD,SEAMEC,NSE,SEAMECLTD.NS,Other,1612.8,1551.98,1187.73,1709.2,5.64,6.43,22.17,57.01,67.69,27.85,0.26,4.62,-0.77,7.07,True,True,10,1.47,0,2.87,True,False,False,,3,12W 12/7 3T,54.22,False,49.25,True,True,True,False,False,True,True,True,True,True,True,True,True,True,43,63
J&KBANK,J & K BANK,NSE,J&KBANK.NS,Banks,156.98,132.44,112.73,157.89,0.58,14.65,25.17,53.11,66.79,60.14,2.1,3.66,0.09,12.09,False,False,10,3.45,1,2.4,True,True,False,,2,12W 11/4 2T,96.78,False,49.15,True,True,False,False,True,True,True,True,True,True,True,True,True,True,42,62
DREDGECORP,DREDGING CORP OF INDIA,NSE,DREDGECORP.NS,Other,1140.4,985.62,890.24,1286.0,11.32,22.73,18.52,10.22,99.04,120.21,0.65,7.65,1.21,15.87,True,True,,,2,4.98,True,False,False,,2,12W 15/13 2T,45.47,False,48.66,True,True,True,False,False,True,True,True,True,True,True,True,True,True,41,60
HSCL,HIMADRI SPECIALITY CHEM L,NSE,HSCL.NS,Other,679.5,560.51,486.45,698.0,2.65,10.32,52.01,45.96,57.69,705.12,1.4,5.83,-0.63,17.23,False,False,20,4.44,1,2.53,True,False,False,,2,12W 15/7 2T,86.99,False,48.3,True,True,False,False,True,True,True,True,True,True,True,True,True,True,41,59
THERMAX,THERMAX,NSE,THERMAX.NS,Industrials,4739.9,4199.38,3360.95,5075.0,6.6,4.29,48.95,65.13,46.24,168.28,0.48,4.22,1.36,13.75,True,False,,,3,3.25,True,False,False,,0,,55.02,False,48.25,True,True,False,False,False,True,True,True,True,True,True,True,True,True,40,50
KRISHNADEF,KRISHNA DEF AND ALD IND L,NSE,KRISHNADEF.NS,Other,1240.8,1065.71,914.99,1313.0,5.5,-3.15,12.77,66.55,62.91,20.5,1.55,7.3,0.76,14.89,False,True,20,2.54,3,1.78,True,True,False,,4,12W 22/10 4T,75.33,False,47.37,True,True,False,False,True,True,True,True,True,True,True,True,True,True,40,79
MANINDS,MAN INDUSTRIES (I),NSE,MANINDS.NS,Other,519.1,503.58,424.78,606.4,14.4,-3.22,24.2,17.07,93.12,74.34,0.61,7.03,-0.22,16.69,False,False,50,4.47,0,2.48,True,False,False,,0,,30.85,True,46.89,True,True,False,False,True,False,True,True,True,True,True,True,True,True,39,50
POLYCAB,POLYCAB INDIA,NSE,POLYCAB.NS,Consumer Durables,9615.5,8513.45,7758.23,9833.0,2.21,6.07,29.42,32.14,75.95,260.13,0.55,2.26,0.07,5.33,True,True,10,1.52,2,2.47,True,False,False,,3,12W 7/4 3T,73.36,False,46.51,True,True,True,False,True,True,True,True,True,True,True,True,True,True,38,64
KIRLPNU,KIRLOSKAR PNEUMATIC COM L,NSE,KIRLPNU.NS,Other,1645.0,1433.4,1202.55,1705.0,3.52,8.07,47.26,57.81,46.78,21.89,1.16,4.72,0.31,12.46,True,False,20,1.81,1,3.59,True,True,False,,2,12W 12/12 2T,70.73,False,46.31,True,True,False,False,True,True,True,True,True,True,True,True,True,True,38,62
MAHABANK,BANK OF MAHARASHTRA,NSE,MAHABANK.NS,Banks,83.97,76.41,64.87,85.9,2.25,3.13,25.25,47.24,65.85,101.08,1.81,2.55,0.5,8.75,True,False,10,1.16,2,1.88,True,True,False,,3,12W 11/5 3T,96.19,False,45.88,True,True,False,False,True,True,True,True,True,True,True,True,True,True,37,61
PANACEABIO,PANACEA BIOTEC,NSE,PANACEABIO.NS,Other,607.75,386.81,382.58,647.0,6.07,59.68,74.87,67.31,11.6,95.69,22.66,7.55,4.15,42.12,False,False,,,0,18.86,True,True,False,,0,,84.67,False,45.77,False,True,False,False,True,True,True,True,True,True,False,True,True,True,37,38
GLAND,GLAND PHARMA,NSE,GLAND.NS,Pharma,2288.5,1945.16,1842.03,2396.0,4.49,19.25,37.28,36.33,63.06,200.31,1.2,4.15,0.41,7.01,True,True,10,1.86,0,2.56,True,False,False,,0,,46.25,False,45.5,False,True,True,True,True,True,True,True,True,True,False,True,True,True,36,49
SAILIFE,SAI LIFE SCIENCES,NSE,SAILIFE.NS,Other,1229.7,1066.65,943.84,1234.4,0.38,9.19,21.27,36.72,71.65,106.29,0.92,4.68,-0.05,10.18,True,True,10,1.85,0,1.16,True,False,False,,4,12W 17/6 4T,96.45,False,44.85,True,True,True,False,True,True,True,True,True,True,True,True,True,True,35,61
SUPRIYA,SUPRIYA LIFESCIENCE,NSE,SUPRIYA.NS,Pharma,962.9,721.41,709.32,1085.0,11.25,34.1,61.41,29.34,50.84,94.04,0.65,5.98,0.53,31.16,False,False,,,1,2.81,True,False,False,,0,,67.35,False,44.83,False,True,False,False,True,True,True,True,True,True,False,True,True,True,35,33
ARVIND,ARVIND,NSE,ARVIND.NS,Real Estate,500.1,426.73,352.03,514.85,2.86,13.44,49.98,57.19,38.74,49.18,0.28,4.08,0.45,9.76,True,True,10,1.6,0,4.33,True,False,False,,0,,69.77,False,43.99,True,True,True,True,True,True,True,True,True,True,True,True,True,True,34,60
SUNFLAG,SUNFLAG IRON AND STEEL CO,NSE,SUNFLAG.NS,Other,357.1,320.31,269.92,428.0,16.57,-6.88,56.54,41.79,52.14,20.43,0.63,5.94,1.33,24.0,False,False,,,1,3.85,True,False,True,122.74,3,12W 16/12 3T,18.2,True,44.01,True,True,False,False,False,False,True,True,True,True,True,True,True,True,34,38
GRANULES,GRANULES INDIA,NSE,GRANULES.NS,Pharma,765.05,709.79,603.53,804.3,4.88,1.25,30.51,33.17,67.92,140.59,0.37,3.13,0.08,6.46,True,False,10,2.11,1,2.55,True,False,False,,3,12W 6/3 3T,27.72,True,43.35,True,True,False,False,False,True,True,True,True,True,True,True,True,True,33,46
WALCHANNAG,WALCHANDNAGAR INDUSTRIES,NSE,WALCHANNAG.NS,Other,254.7,217.1,184.91,276.6,7.92,5.88,58.26,45.1,42.3,66.14,1.21,7.32,1.11,17.82,False,False,20,3.54,3,2.79,True,False,True,110.9,0,,59.13,False,42.69,False,True,False,False,True,True,True,True,True,True,False,True,True,True,32,51
NEOGEN,NEOGEN CHEMICALS,NSE,NEOGEN.NS,Other,1938.8,1607.17,1393.43,1969.0,1.53,11.3,35.07,77.92,29.36,21.33,0.37,5.25,0.0,11.19,True,False,,,2,4.24,True,False,False,,0,,90.7,False,43.26,False,True,False,False,True,True,True,True,True,True,False,True,True,True,32,34
SAIL,STEEL AUTHORITY OF INDIA,NSE,SAIL.NS,Metals,185.99,183.12,152.41,209.7,11.31,2.92,20.87,41.01,64.27,698.92,0.63,3.92,1.21,13.95,True,False,,,1,1.77,True,False,False,,0,,13.42,True,42.48,True,True,False,False,False,False,True,True,True,True,True,True,True,True,31,35
SANGHVIMOV,SANGHVI MOVERS,NSE,SANGHVIMOV.NS,Other,391.7,322.92,324.67,411.9,4.9,18.61,63.21,27.94,46.05,28.89,0.79,5.28,0.0,12.48,True,True,10,3.61,1,6.53,True,True,False,,2,12W 15/14 2T,91.4,False,41.3,False,True,True,True,True,True,True,True,True,True,False,True,True,True,30,56
RATEGAIN,RATEGAIN TRAVEL TECHN,NSE,RATEGAIN.NS,IT,750.5,626.39,624.83,802.0,6.42,14.06,46.9,13.41,67.32,82.04,0.63,4.9,0.64,10.25,True,True,,,5,3.51,True,False,False,,2,12W 13/4 2T,70.48,False,41.74,False,True,True,False,False,True,True,True,True,True,False,True,True,True,30,44
MIDHANI,MISHRA DHATU NIGAM,NSE,MIDHANI.NS,Other,450.35,381.71,360.58,469.0,3.98,10.65,34.01,49.84,46.17,73.72,2.26,5.12,1.22,11.26,False,False,10,2.5,1,4.66,True,True,False,,2,12W 15/6 2T,95.2,False,41.29,False,True,False,False,True,True,True,True,True,True,False,True,True,True,29,48
BHARATFORG,BHARAT FORGE,NSE,BHARATFORG.NS,Industrials,1925.4,1865.53,1556.26,2044.0,5.8,-3.1,7.14,34.96,73.93,182.89,0.77,2.57,0.79,6.13,True,True,20,0.85,1,1.78,True,False,False,,2,12W 7/5 2T,60.78,False,41.18,True,True,True,False,False,True,True,True,True,True,True,True,True,True,29,59
CEIGALL,CEIGALL INDIA,NSE,CEIGALL.NS,Other,366.4,328.09,279.93,386.4,5.18,-0.08,32.13,56.11,43.77,20.55,1.99,4.73,-1.2,9.09,False,True,20,2.08,1,3.13,True,True,False,,3,12W 18/6 3T,84.05,False,40.76,True,True,False,True,True,True,True,True,True,True,True,True,True,True,28,67
ACUTAAS,ACUTAAS CHEMICALS,NSE,ACUTAAS.NS,Other,3198.7,2669.04,2006.15,3444.3,7.13,13.82,45.86,92.23,,139.54,0.63,4.25,-0.49,16.95,True,False,10,3.92,4,1.83,True,False,False,,0,,58.74,False,38.22,True,True,False,False,True,True,True,True,True,True,True,True,True,True,27,58
SOUTHBANK,THE SOUTH INDIAN BANK,NSE,SOUTHBANK.NS,Banks,45.74,39.84,38.03,46.84,2.35,14.29,16.0,14.46,78.39,71.9,1.96,3.25,0.55,12.81,False,False,10,3.66,0,2.13,True,True,False,,2,12W 12/4 2T,94.43,False,40.33,False,False,False,False,True,True,True,True,True,False,True,True,True,True,27,42
ABSLAMC,ADIT BIRL SUN LIF AMC,NSE,ABSLAMC.NS,Financial Services,1062.4,1020.86,871.28,1123.5,5.44,0.29,5.19,41.29,61.59,32.94,2.35,3.87,-0.02,8.61,False,False,10,1.31,2,1.78,True,True,False,,0,,70.67,False,38.09,True,True,False,False,True,True,True,True,True,True,True,True,True,True,26,60
LLOYDSENGG,LLOYDS ENGG WORK,NSE,LLOYDSENGG.NS,Other,71.78,60.94,55.58,84.27,14.82,8.49,63.14,37.8,33.49,75.09,0.8,4.65,1.4,14.63,True,False,10,3.69,2,2.98,True,False,True,108.56,2,12W 13/13 2T,38.0,False,38.21,False,True,False,False,False,False,True,True,True,True,False,True,True,True,26,44
AZAD,AZAD ENGINEERING,NSE,AZAD.NS,Industrials,2230.0,1978.78,1699.27,2350.0,5.11,2.29,38.37,38.69,43.77,88.37,0.95,5.11,0.42,14.39,False,False,10,2.99,1,1.77,True,True,False,,2,12W 15/9 2T,89.43,False,37.02,True,True,False,False,True,True,True,True,True,True,True,True,True,True,25,58
TALBROAUTO,TALBROS AUTO. COMP.,NSE,TALBROAUTO.NS,Other,360.05,307.66,283.53,379.7,5.18,9.84,48.69,28.25,44.19,17.71,1.65,6.58,1.5,13.73,True,False,10,1.9,3,1.54,True,False,False,,2,12W 13/10 2T,68.74,False,36.87,False,True,False,False,True,True,True,True,True,True,False,True,True,True,24,48
SOLARINDS,SOLAR INDUSTRIES (I),NSE,SOLARINDS.NS,Other,18267.0,16052.02,14102.7,18874.0,3.22,12.32,25.85,48.46,39.99,399.2,0.52,3.02,0.99,5.69,True,True,10,1.08,0,4.42,True,False,False,,0,,41.58,False,36.94,True,True,True,False,False,True,True,True,True,True,True,True,True,True,24,56
LLOYDSME,LLOYDS METALS N ENERGY L,NSE,LLOYDSME.NS,Other,1717.2,1667.12,1363.28,1888.6,9.08,-1.52,44.84,33.29,43.88,92.43,0.38,2.84,0.98,10.98,True,False,20,3.05,1,2.77,True,False,False,,3,12W 9/5 3T,32.12,True,36.35,True,True,False,False,False,False,True,True,True,True,True,True,True,True,23,43
FEDERALBNK,FEDERAL BANK,NSE,FEDERALBNK.NS,Banks,315.1,288.06,258.91,315.9,0.25,7.74,16.94,20.57,66.12,593.01,1.09,2.61,0.69,10.25,True,False,10,2.33,3,3.48,True,True,False,,0,,97.56,False,36.78,True,True,False,False,True,True,True,True,True,True,True,True,True,True,23,60
CGPOWER,CG POWER AND IND SOL,NSE,CGPOWER.NS,Other,911.2,817.8,725.68,952.0,4.29,6.19,25.46,36.84,46.46,392.41,0.86,3.43,0.75,7.68,False,False,10,3.44,1,1.95,True,False,False,,2,12W 7/6 2T,70.73,False,35.35,False,True,False,False,False,True,True,True,True,True,False,True,True,True,22,38
APOLLOPIPE,APOLLO PIPES,NSE,APOLLOPIPE.NS,Other,501.75,471.74,364.62,554.0,9.43,2.88,18.24,67.08,27.62,20.93,0.41,4.87,1.5,11.22,True,True,20,3.23,0,2.17,True,True,False,,2,12W 16/11 2T,40.18,False,35.11,True,True,True,False,True,False,True,True,True,True,True,True,True,True,21,62
ASIANENE,ASIAN ENERGY SERVICES,NSE,ASIANENE.NS,Other,383.8,317.06,306.4,392.0,2.09,30.61,36.75,29.36,40.23,33.31,1.2,6.77,1.39,14.58,False,True,10,3.53,0,3.56,True,False,False,,0,,87.38,False,35.31,False,False,False,True,True,True,True,True,True,True,False,False,True,True,21,47
ASTERDM,ASTER DM HEALTHCARE,NSE,ASTERDM.NS,Pharma,790.35,714.96,656.96,807.0,2.06,6.83,15.23,27.4,55.02,46.44,2.66,3.31,0.5,12.11,False,False,20,1.99,0,2.55,True,True,False,,0,,82.6,False,33.96,False,True,False,False,True,True,True,True,True,True,False,True,True,True,20,40
NLCINDIA,NLC INDIA,NSE,NLCINDIA.NS,Other,327.75,316.18,271.77,387.8,15.48,-0.59,31.92,34.38,45.33,367.98,3.3,4.75,-2.55,12.81,False,True,,,0,2.17,True,False,False,,0,,17.67,True,34.77,True,True,False,False,False,False,True,True,True,True,True,True,True,True,20,38
ADANIENT,ADANI ENTERPRISES,NSE,ADANIENT.NS,Diversified,2979.9,2464.39,2319.13,3059.8,2.61,19.19,50.9,30.56,29.89,913.48,0.64,3.4,0.54,6.53,True,True,10,2.98,3,2.98,True,False,False,,2,12W 8/5 2T,78.74,False,33.22,False,True,True,False,True,True,True,True,True,True,False,True,True,True,19,51
TRITURBINE,TRIVENI TURBINE,NSE,TRITURBINE.NS,Industrials,673.2,581.46,529.51,787.6,14.53,15.66,41.85,26.33,32.58,298.85,0.1,5.8,0.21,19.79,True,True,,,3,6.05,True,False,False,,2,12W 9/7 2T,32.9,True,30.87,True,True,False,False,False,True,True,True,True,True,True,True,True,True,18,46
NIBE,NIBE,NSE,NIBE.NS,Other,1541.3,1145.6,1144.29,1799.0,14.32,50.4,39.46,40.18,13.77,63.8,0.84,7.39,1.95,14.53,False,True,,,2,3.76,True,False,False,,2,12W 18/6 2T,82.54,False,30.49,False,True,False,True,True,True,True,True,True,True,False,True,True,True,18,41
GULPOLY,GULSHAN POLYOLS,NSE,GULPOLY.NS,Other,214.95,180.64,155.29,221.75,3.07,11.58,34.17,57.92,11.89,14.58,2.24,5.63,0.76,22.21,False,False,50,7.87,0,2.07,True,True,False,,0,,85.76,False,30.13,True,True,False,False,True,True,True,True,True,True,True,True,True,True,17,54
ADANIPORTS,ADANI PORT & SEZ,NSE,ADANIPORTS.NS,Travel & Logistics,1826.4,1654.38,1501.06,1842.8,0.89,3.34,29.46,19.94,44.14,413.97,0.54,2.28,1.27,5.34,True,True,10,0.81,3,2.11,True,False,False,,2,12W 6/5 2T,83.35,False,29.86,True,True,True,False,True,True,True,True,True,True,True,True,True,True,16,61
KTKBANK,KARNATAKA BANK,NSE,KTKBANK.NS,Other,270.6,253.25,208.36,278.4,2.8,7.55,18.31,33.83,38.72,87.79,1.18,3.87,0.37,8.65,True,True,10,2.12,0,1.96,True,True,False,,0,,70.34,False,30.05,True,True,True,False,True,True,True,True,True,True,True,True,True,True,16,59
GAEL,GUJARAT AMBUJA EXPORTS LT,NSE,GAEL.NS,Other,160.27,155.34,129.98,177.92,9.92,-4.09,21.03,36.38,34.83,12.49,0.66,3.3,0.63,7.36,True,False,50,2.35,0,1.72,True,False,False,,2,12W 10/10 2T,54.05,False,28.64,True,True,False,False,True,True,True,True,True,True,True,True,True,True,15,45
AIAENG,AIA ENGINEERING,NSE,AIAENG.NS,Industrials,4489.1,4015.51,3712.56,4775.0,5.99,14.94,19.93,19.72,44.6,82.46,0.79,3.69,0.07,14.54,True,False,,,2,5.22,True,False,False,,0,,66.52,False,29.24,True,True,False,False,False,True,True,True,True,True,True,True,True,True,15,39
VTL,VARDHMAN TEXTILES,NSE,VTL.NS,Other,620.85,586.3,487.02,647.0,4.04,2.51,13.71,39.11,33.54,19.98,0.15,3.39,0.29,12.11,True,False,10,2.46,0,1.62,True,False,False,,3,12W 13/6 3T,67.29,False,28.14,True,True,False,False,True,True,True,True,True,True,True,True,True,True,14,45
SKIPPER,SKIPPER,NSE,SKIPPER.NS,Other,544.55,458.24,446.82,588.0,7.39,20.57,59.93,24.38,16.44,71.76,0.53,5.16,0.75,15.08,False,False,,,2,1.78,True,False,False,,3,12W 12/4 3T,69.87,False,27.93,False,False,False,False,False,True,True,True,True,True,False,False,True,True,13,28
ATHERENERG,ATHER ENERGY,NSE,ATHERENERG.NS,Other,1032.8,904.2,725.04,1069.0,3.39,6.53,47.12,60.1,,430.37,0.6,4.72,0.87,13.69,False,False,20,5.24,1,1.75,True,False,False,,0,,81.47,False,28.11,True,True,False,False,True,True,True,True,True,True,True,True,True,True,13,49
DEEPAKFERT,DEEPAK FERTILIZERS & PETR,NSE,DEEPAKFERT.NS,Chemicals,1518.6,1259.72,1257.88,1778.6,14.62,18.84,52.34,22.83,19.98,70.91,1.02,4.25,0.23,11.91,True,True,10,2.17,4,3.18,True,False,False,,3,12W 13/7 3T,97.15,False,27.2,False,False,False,True,True,True,True,True,True,True,False,False,True,True,12,50
VIJAYA,VIJAYA DIAGNOSTIC CEN,NSE,VIJAYA.NS,Other,1296.2,1146.11,1036.99,1427.8,9.22,-3.46,34.73,30.87,30.02,33.81,0.29,4.91,0.5,15.68,False,False,10,2.62,1,3.48,True,False,False,,2,12W 12/4 2T,39.02,False,27.87,True,True,False,False,False,True,True,True,True,True,True,True,True,True,12,49
ATGL,ADANI TOTAL GAS,NSE,ATGL.NS,Other,752.15,635.84,593.33,859.85,12.53,21.22,32.68,26.69,25.41,1132.63,0.77,6.7,0.79,21.25,True,False,,,2,2.24,True,False,False,,0,,58.38,False,26.83,False,True,False,False,False,True,True,True,True,True,False,True,True,True,11,30
ELGIEQUIP,ELGI EQUIPMENTS,NSE,ELGIEQUIP.NS,Industrials,604.7,545.07,498.62,633.85,4.6,11.62,20.67,23.94,34.33,52.61,0.42,4.15,-0.25,12.25,False,False,10,3.41,0,1.92,True,False,False,,2,12W 11/3 2T,72.19,False,26.21,True,True,False,False,True,True,True,True,True,True,True,True,True,True,10,45
WOCKPHARMA,WOCKHARDT LTD.,BSE,532300.BO,Pharma,1832.85,1553.73,1426.73,2151.85,14.82,12.54,40.33,22.62,25.08,36.93,0.32,4.78,-2.87,20.74,True,False,,,3,2.46,True,False,False,,0,,44.67,False,26.14,False,True,False,False,False,True,True,True,True,True,False,True,True,True,10,30
ZENTEC,ZEN TECHNOLOGIES,NSE,ZENTEC.NS,Other,1782.5,1599.35,1441.68,2065.0,13.68,8.9,26.54,28.32,28.28,166.5,0.85,4.47,0.44,16.98,False,False,,,2,2.78,True,False,False,,2,12W 12/8 2T,69.17,False,26.01,False,True,False,False,True,True,True,True,True,True,False,True,True,True,9,26
MARKSANS,MARKSANS PHARMA,NSE,MARKSANS.NS,Pharma,252.75,200.94,183.32,266.6,5.2,24.34,46.14,30.38,13.21,142.96,2.16,5.89,1.22,14.32,True,True,,,3,2.27,True,False,False,,2,12W 11/11 2T,78.58,False,26.06,True,True,True,True,True,True,True,True,True,True,True,True,True,True,9,51
BANDHANBNK,BANDHAN BANK,NSE,BANDHANBNK.NS,Banks,206.94,186.14,165.18,212.66,2.69,2.84,13.41,38.36,27.95,187.34,0.75,2.91,0.5,5.78,True,True,10,2.75,2,3.28,True,True,False,,2,12W 12/5 2T,77.64,False,25.65,True,True,True,False,True,True,True,True,True,True,True,True,True,True,8,61
SANSTAR,SANSTAR,NSE,SANSTAR.NS,Other,113.61,96.56,92.34,121.99,6.87,14.34,36.98,22.29,23.74,14.81,0.41,6.88,1.5,13.19,True,True,10,2.67,2,3.37,True,False,False,,0,,56.78,False,25.02,False,True,True,False,False,True,True,True,True,True,False,True,True,True,7,49
KDDL,KDDL,NSE,KDDL.NS,Other,3014.1,2484.39,2432.12,3030.0,0.52,27.54,29.44,30.64,15.03,25.81,0.76,5.46,1.2,11.54,True,True,,,2,2.86,True,False,False,,4,12W 15/8 4T,97.26,False,23.85,False,True,True,True,True,True,True,True,True,True,False,True,True,True,7,35
ABB,ABB INDIA,NSE,ABB.NS,Industrials,6931.0,6849.94,5748.77,7822.5,11.4,8.51,10.37,31.32,27.15,283.6,0.53,3.14,0.6,7.68,True,False,10,3.97,1,1.49,True,False,False,,2,12W 16/5 2T,62.15,False,23.18,True,True,False,False,False,True,True,True,True,True,True,True,True,True,6,45
FINCABLES,FINOLEX CABLES,NSE,FINCABLES.NS,Other,1032.1,984.53,845.2,1184.8,12.89,-8.87,16.25,39.44,20.32,77.76,0.67,5.1,0.32,21.61,True,False,,,0,1.85,True,False,False,,0,,31.52,True,22.32,True,True,False,False,False,False,True,True,True,True,True,True,True,True,5,26
KOPRAN,KOPRAN,NSE,KOPRAN.NS,Other,183.65,162.39,150.65,219.0,16.14,15.96,48.02,40.35,-3.42,31.39,0.06,7.09,0.74,23.88,True,False,,,1,5.87,True,False,False,,2,12W 14/11 2T,37.98,False,21.94,False,True,False,False,False,True,True,True,True,True,False,True,True,True,5,26
EQUITASBNK,EQUITAS SMALL FIN BNK,NSE,EQUITASBNK.NS,Banks,74.98,66.36,62.39,76.93,2.53,7.42,28.92,27.73,17.27,29.56,1.7,3.46,0.49,11.6,False,False,10,2.95,2,4.28,True,True,False,,2,12W 12/6 2T,82.16,False,21.75,True,True,False,False,True,True,True,True,True,True,True,True,True,True,4,53
BELRISE,BELRISE INDUSTRIES,NSE,BELRISE.NS,Other,234.73,211.16,177.87,236.5,0.75,7.62,22.03,46.8,,116.93,7.51,3.42,2.58,11.07,False,False,10,1.83,2,2.19,True,True,False,,3,12W 11/5 3T,94.45,False,19.21,True,True,False,False,True,True,True,True,True,True,True,True,True,True,4,53
ICIL,INDO COUNT INDUSTRIES,NSE,ICIL.NS,Other,336.5,285.62,276.8,360.4,6.63,14.15,35.63,17.27,13.11,26.68,0.95,4.65,0.0,16.18,True,False,,,3,2.61,True,False,False,,3,12W 11/3 3T,61.48,False,18.96,True,True,False,False,True,True,True,True,True,True,True,True,True,True,3,39
JINDALSAW,JINDAL SAW,NSE,JINDALSAW.NS,Industrials,239.81,226.91,193.28,267.5,10.35,0.73,21.09,48.77,-2.29,65.31,0.34,4.63,0.0,16.39,False,False,20,5.3,1,2.19,True,False,False,,3,12W 12/7 3T,48.23,False,18.0,False,True,False,False,False,True,True,True,True,True,False,True,True,True,2,34
SHREEJISPG,SHREEJI SHIPPING GLOBAL L,NSE,SHREEJISPG.NS,Other,461.9,405.37,340.36,482.9,4.35,9.44,24.89,39.11,,50.88,1.7,3.8,0.36,8.36,False,True,10,2.24,0,2.09,True,False,False,,0,,61.71,False,17.65,False,False,False,False,False,True,True,True,True,True,True,False,True,True,2,38
MOTHERSON,SAMVRDHNA MTHRSN INTL,NSE,MOTHERSON.NS,Auto,144.06,127.59,117.18,158.92,9.35,10.56,18.68,18.76,8.68,421.5,0.72,4.05,1.94,11.88,True,False,10,3.44,0,1.7,True,False,False,,3,12W 10/3 3T,65.36,False,13.89,True,True,False,False,True,True,True,True,True,True,True,True,True,True,1,42
TIPSMUSIC,TIPS MUSIC,NSE,TIPSMUSIC.NS,Media,673.25,620.12,559.96,726.75,7.36,2.67,30.46,23.4,7.14,20.45,0.24,4.28,1.94,11.99,True,False,10,1.5,2,4.12,True,False,False,,0,,39.31,False,16.23,True,True,False,False,True,True,True,True,True,True,True,True,True,True,1,48
